name,genre,zcr,spectral_centroid,spectral_bandwidth,spectral_flatness
jazz.00013.wav,jazz,0.061075940762761,1790.243639960111,2313.009871801149,0.0032743788
jazz.00014.wav,jazz,0.0649183705529775,1171.8345898377142,1278.0267644982482,0.00028856998
jazz.00021.wav,jazz,0.1813721269576566,2915.2020776967365,2420.424422331274,0.018823756
jazz.00026.wav,jazz,0.0586103659126063,1367.435200194701,1638.9549228243136,0.0024506557
jazz.00085.wav,jazz,0.1475591224381283,2860.683150903988,2566.170784403403,0.044342328
jazz.00082.wav,jazz,0.2066977988447409,3905.066342158668,3328.8714437290246,0.107197575
jazz.00094.wav,jazz,0.0415008851749806,1077.268000729875,1539.2702937086303,0.00087903586
jazz.00037.wav,jazz,0.0515006434889791,1276.65130991172,1570.6844362523136,0.0010283837
jazz.00030.wav,jazz,0.084649389138631,1687.9309171434154,1762.9877729056143,0.0013706258
jazz.00005.wav,jazz,0.0578751117797757,1268.2111446452002,1545.9686200555848,0.0007644896
jazz.00079.wav,jazz,0.1078452031370843,2634.043115077565,2728.2919813424173,0.021900995
jazz.00002.wav,jazz,0.0578573629640371,1064.7190883164435,1050.3578731864725,0.000108640575
jazz.00077.wav,jazz,0.1308816554282676,2777.8434123208845,2691.227405583129,0.030683454
jazz.00083.wav,jazz,0.1496451747389791,3393.080458875416,3147.319911313142,0.062432986
jazz.00052.wav,jazz,0.0772550261817832,2289.4808402193494,2592.510132215596,0.013919468
jazz.00084.wav,jazz,0.1183124728103248,2875.155262931994,2802.961209947392,0.04275529
jazz.00029.wav,jazz,0.0993737311484918,2235.248011846126,2259.068865089602,0.006686024
jazz.00027.wav,jazz,0.0626808868667826,1769.4282675269487,2113.3603976094173,0.0026735186
jazz.00020.wav,jazz,0.0329633271703402,1171.3366948620223,1678.146629312365,0.000892258
jazz.00015.wav,jazz,0.0735563793020108,1782.220467473971,2061.769257168727,0.003305497
jazz.00012.wav,jazz,0.0636895482888631,1650.9582872211786,2040.7208687666036,0.0027977228
jazz.00060.wav,jazz,0.0524107423385537,1427.9245373061,1887.552795508065,0.004628082
jazz.00067.wav,jazz,0.0549322070765661,1353.9940370893112,1567.02130865013,0.0017953942
jazz.00076.wav,jazz,0.0687003788428074,1733.7356811346049,2068.2160498614826,0.005209366
jazz.00071.wav,jazz,0.0425707233662026,971.5184947924256,1301.6314592280007,0.00051898864
jazz.00004.wav,jazz,0.0477503564868522,1039.4057429757263,1422.0398263486102,0.00027178013
jazz.00078.wav,jazz,0.0958692841260634,2503.5410170407163,2598.597083896597,0.017962562
jazz.00031.wav,jazz,0.0723762718725831,1752.724866808947,1990.315447100089,0.0026920754
jazz.00044.wav,jazz,0.0496683614897525,1004.75742016591,1246.8335111965353,0.000313591
jazz.00095.wav,jazz,0.0633625169180201,1854.6319159219008,2215.6086477855506,0.002573037
jazz.00038.wav,jazz,0.0663941656999226,1554.3487798394513,1774.8728276480144,0.0014900825
jazz.00092.wav,jazz,0.0754766501111755,2215.267218635689,2795.00303259973,0.0071511297
jazz.00072.wav,jazz,0.058720635150812,1336.3546002724486,1554.5636044977157,0.0018658647
jazz.00009.wav,jazz,0.0316865453402938,749.4465657215494,1211.2293162151411,0.00015572316
jazz.00007.wav,jazz,0.0648266053992652,1169.7729218908696,1355.2739051651308,0.0001877079
jazz.00000.wav,jazz,0.0784165337393658,1503.9322999254405,1754.3003588891916,0.011630689
jazz.00049.wav,jazz,0.064768449705143,2049.705424466469,2467.129879372664,0.006719396
jazz.00098.wav,jazz,0.0581311478876643,1885.619015148808,2230.5435545862933,0.003422144
jazz.00035.wav,jazz,0.0377256743039443,844.17299493982,1104.4627955493015,9.279632e-05
jazz.00032.wav,jazz,0.0613810693397138,1522.089431119844,1909.705793787319,0.004013847
jazz.00040.wav,jazz,0.0548472393416473,1317.0269708114588,1475.601229944181,0.0004990609
jazz.00091.wav,jazz,0.1514797225444702,2959.1578862773017,2832.7603174225164,0.008866705
jazz.00047.wav,jazz,0.0935358813080046,1981.982382184166,2145.059569858149,0.0066436883
jazz.00096.wav,jazz,0.0777167772380123,1873.8376247337092,2083.756432490632,0.0028740396
jazz.00056.wav,jazz,0.1147404597355769,2976.3136721854653,3035.9683679183013,0.04091358
jazz.00089.wav,jazz,0.062751882129737,1787.7638893804722,2485.50184386976,0.003579501
jazz.00016.wav,jazz,0.0698449886407579,1465.858099684535,1738.8147828826818,0.0008416979
jazz.00064.wav,jazz,0.0558423059261407,1574.959956587146,2069.6779972005947,0.0057015866
jazz.00063.wav,jazz,0.0987462968272171,2481.5395079724226,2688.38335845447,0.033773206
jazz.00041.wav,jazz,0.100587825671887,1617.4093844354438,1568.4366650433117,0.0008761086
jazz.00090.wav,jazz,0.0541418183246326,1875.1521594572127,2569.4886461121373,0.0090902615
jazz.00033.wav,jazz,0.0423331913428074,1169.4396755831438,1498.6352447669813,0.0005813709
jazz.00048.wav,jazz,0.0793024639887857,1748.3486883454464,1947.9220004793156,0.0032705364
jazz.00034.wav,jazz,0.0793492906515854,1759.6144140848985,1779.727009111931,0.0010914739
jazz.00001.wav,jazz,0.0592938841357308,1266.4884313587363,1691.2917034209945,0.0035544296
jazz.00008.wav,jazz,0.0462670086523588,1304.6447662986711,1636.7321754152083,0.0008644486
jazz.00074.wav,jazz,0.0955369658739365,2415.076791967096,2552.82550592242,0.0207911
jazz.00073.wav,jazz,0.1297000374613302,2967.826756749952,2921.833053936848,0.04290848
jazz.00019.wav,jazz,0.0554506990767594,1352.8857477220752,1715.0484721550645,0.0008440198
jazz.00065.wav,jazz,0.0764913536832946,1337.777103820424,1518.833998927628,0.0012519165
jazz.00017.wav,jazz,0.0841437367072699,1934.3602751013964,2187.2734417477054,0.0065736747
jazz.00010.wav,jazz,0.0330603792053364,829.6061468763746,1037.8346398077904,0.000116109
jazz.00088.wav,jazz,0.069027032579273,2428.058768410789,3007.019818392754,0.012798226
jazz.00059.wav,jazz,0.0380171393040746,1391.5959542659566,2133.0459484799926,0.0039909757
jazz.00025.wav,jazz,0.0635985384039056,1697.9171784792436,2065.9181662302185,0.0023589209
jazz.00022.wav,jazz,0.0512242151247099,1451.8621242970437,1920.270843279044,0.0012608286
jazz.00081.wav,jazz,0.1001274893658159,3026.51852903224,3302.3417210018733,0.03317377
jazz.00086.wav,jazz,0.2616371809744779,4135.738578404693,3220.6479293446114,0.08197182
jazz.00057.wav,jazz,0.0618587768271461,1378.675371627107,1773.7599612811105,0.0024656102
reggae.00000.wav,reggae,0.0977993734290409,2133.3521515473035,2289.5782061974537,0.0054969797
reggae.00007.wav,reggae,0.0738751027165506,1754.1768111795132,2026.2008748333608,0.004953417
reggae.00009.wav,reggae,0.0605706659657772,1609.8372860104516,1990.4036604258904,0.0053692777
reggae.00075.wav,reggae,0.1350122202484532,2481.5194522237502,2324.114186065556,0.030972881
reggae.00072.wav,reggae,0.1361556971432714,3089.7484730911488,2973.7469946717697,0.06558507
reggae.00096.wav,reggae,0.0796547968629157,1630.16101822981,1578.5100390936884,0.003360076
reggae.00047.wav,reggae,0.1149432188950116,2478.0490603630687,2310.1002476731487,0.026824629
reggae.00091.wav,reggae,0.1238357532144238,2314.083798452271,2180.0911347258047,0.022555405
reggae.00040.wav,reggae,0.1010474067092034,2032.508027530644,1850.502363587656,0.0066275233
reggae.00032.wav,reggae,0.0658314904775715,1510.792459157385,1850.5331677660083,0.0038162982
reggae.00098.wav,reggae,0.0648337804524362,2026.4167424052796,2398.1727931725145,0.017907448
reggae.00035.wav,reggae,0.061282506767208,1699.3251213149977,2030.5500431853905,0.0070154658
reggae.00058.wav,reggae,0.1119542427977571,2631.1187832454702,2827.597160930656,0.032674465
reggae.00051.wav,reggae,0.2746308246326372,4274.292786512983,2876.996159689036,0.13171892
reggae.00056.wav,reggae,0.0831569780790796,2173.8734628702277,2460.470767071349,0.02780266
reggae.00087.wav,reggae,0.1218324028422273,3296.462832779134,3065.023499785233,0.05985837
reggae.00018.wav,reggae,0.0774044736078886,1907.6056942036876,2124.6225269883566,0.007369919
reggae.00064.wav,reggae,0.1008642540361562,3094.4494679187587,3136.176151646428,0.033044547
reggae.00016.wav,reggae,0.0792477070040603,2118.551041160394,2303.0696601109494,0.0064611235
reggae.00011.wav,reggae,0.0702762470997679,1995.2769651140732,2295.684096517595,0.005165489
reggae.00099.wav,reggae,0.1395963239559164,2467.1929456866374,2006.4014228485987,0.021302678
reggae.00034.wav,reggae,0.044601263413573,1291.4990686418105,1746.6522669686226,0.0029901913
reggae.00033.wav,reggae,0.0591141301720804,1615.8305954532225,2062.8340659084038,0.0050758272
reggae.00041.wav,reggae,0.0590057491057617,1930.4048085685065,2205.0965578199493,0.0087809665
reggae.00097.wav,reggae,0.0939863991202629,2007.0624463203944,2111.078310752974,0.01132293
reggae.00046.wav,reggae,0.0809640552494199,2322.2154852399008,2592.7201538766035,0.023753243
reggae.00073.wav,reggae,0.0510316215922273,2152.9019278799587,2667.4425983468664,0.012262878
reggae.00008.wav,reggae,0.0694378987819025,1691.3385554367064,1963.2127149972716,0.0041310485
reggae.00074.wav,reggae,0.0509934805201082,2148.49442922645,2665.474788911582,0.012227365
reggae.00006.wav,reggae,0.060821415192382,1417.957488637926,1704.483861760768,0.0029656112
reggae.00010.wav,reggae,0.1027531811919953,2149.158788656928,2036.7628281690284,0.0036032305
reggae.00017.wav,reggae,0.077952043455143,1803.953810558572,1973.1231937162263,0.005081788
reggae.00019.wav,reggae,0.0712822650812065,1754.0198285353754,2068.163203945778,0.004464402
reggae.00065.wav,reggae,0.082821261117556,2081.187059476724,2264.7951009087487,0.025811844
reggae.00057.wav,reggae,0.0788428829514694,2169.6559456996456,2576.932481929306,0.024290109
reggae.00050.wav,reggae,0.1270365821974091,2955.030353182864,2690.286443606677,0.090279944
reggae.00088.wav,reggae,0.1891876480326759,3880.9607426552216,3361.80662742016,0.10347391
reggae.00014.wav,reggae,0.0640905959976798,1716.0497964664355,2062.6838002523327,0.005532738
reggae.00068.wav,reggae,0.0778312004543696,2104.695061638517,2311.35317114462,0.020008527
reggae.00054.wav,reggae,0.1015772277407192,2542.483268553463,2726.2070510272347,0.035017
reggae.00085.wav,reggae,0.0993631573859242,1797.243496705914,1649.8017975287858,0.004362877
reggae.00028.wav,reggae,0.0678076511745939,1640.7106468821476,1906.9991727325623,0.0071350313
reggae.00026.wav,reggae,0.0745438931989559,1840.8628555568264,2054.397807746015,0.0045690765
reggae.00030.wav,reggae,0.070471106438515,1814.1339363070715,2188.1163325481007,0.0073812557
reggae.00037.wav,reggae,0.0632575345610982,1709.737126203655,2068.224726151894,0.0060244594
reggae.00039.wav,reggae,0.0259347961378576,1312.5009449202737,2137.547304418511,0.0017652154
reggae.00093.wav,reggae,0.0892859840245553,2109.798559689395,2528.143974245456,0.017243216
reggae.00042.wav,reggae,0.105634531491686,2479.991063724072,2521.6384031877315,0.03385777
reggae.00077.wav,reggae,0.0608882564771848,1778.172233591523,2174.203534564552,0.009671513
reggae.00070.wav,reggae,0.0609856861465583,2288.627178100081,2533.888402309692,0.015294627
reggae.00002.wav,reggae,0.0751027920775328,1796.8948919886873,2103.0586758202926,0.005657126
reggae.00005.wav,reggae,0.0730159845079273,1798.3807585425818,1964.1726758648065,0.0051967055
reggae.00079.wav,reggae,0.1863670968677494,3002.6481938382785,2214.1713261044288,0.056992732
reggae.00020.wav,reggae,0.0567558034851121,1637.6883378852465,2045.992577848253,0.0031171925
reggae.00027.wav,reggae,0.0873490973027842,2086.3916625200486,2318.0279857939595,0.008036359
reggae.00029.wav,reggae,0.0436575551044083,1585.361927340042,2127.104657775028,0.0032212574
reggae.00052.wav,reggae,0.1340670014017788,3289.103400575464,3253.1477161106054,0.060973447
reggae.00083.wav,reggae,0.0711814367024362,1366.6849879747774,1737.1894705207098,0.0027348816
reggae.00067.wav,reggae,0.0604683270494972,1728.9380569839393,2362.327759720238,0.009819119
reggae.00060.wav,reggae,0.118502045267788,2395.51021356466,2300.637993099421,0.01710241
reggae.00015.wav,reggae,0.068186418455143,1923.1216152231768,2314.081014883259,0.003970447
reggae.00004.wav,reggae,0.0844530192623743,2009.7625946802295,2141.3681996178675,0.006603232
reggae.00078.wav,reggae,0.0937492447312451,2316.9096279606097,2334.847779997394,0.022695037
reggae.00071.wav,reggae,0.1215892063031709,3109.732764527137,2852.71340462504,0.05049794
reggae.00076.wav,reggae,0.0882384262616009,2456.3701094702765,2559.8386037814166,0.037355486
reggae.00092.wav,reggae,0.1199929457898298,2170.387167840117,2054.44001833899,0.0151430145
reggae.00095.wav,reggae,0.1031685790071539,2617.1778006286586,2787.4453144858594,0.033214353
reggae.00038.wav,reggae,0.0655225855568445,1701.0178296815598,2000.571864187631,0.0045079184
reggae.00036.wav,reggae,0.0592051400570379,1811.1579026505945,2166.3985648744238,0.005270362
reggae.00031.wav,reggae,0.0586583254785382,1579.8511126280443,2022.4376723082412,0.0042502414
hiphop.00059.wav,hiphop,0.0629848825406032,1949.4353476261645,2286.594892043858,0.013832638
hiphop.00088.wav,hiphop,0.1498857278373936,2694.7841274938905,2389.1395069826526,0.016202733
hiphop.00022.wav,hiphop,0.0753965916231631,2025.6497618309727,2272.7370374315083,0.007165632
hiphop.00050.wav,hiphop,0.0424302433778035,1683.4272327515523,2427.648677691674,0.009816812
hiphop.00081.wav,hiphop,0.0518216327097834,1470.2938674326106,1954.8448319946947,0.0033817387
hiphop.00057.wav,hiphop,0.0514421101604795,1811.510320100113,2279.639247744241,0.012661106
hiphop.00086.wav,hiphop,0.0798439916860015,2083.4389005825383,2198.235479537311,0.0066709127
hiphop.00062.wav,hiphop,0.1095162352571539,2448.908553270967,2508.0552309058653,0.047962263
hiphop.00019.wav,hiphop,0.1001361749564965,2470.30995752174,2410.202245371045,0.025590127
hiphop.00065.wav,hiphop,0.0885514851604795,2447.017199907088,2779.59821443409,0.03972788
hiphop.00017.wav,hiphop,0.0803745679862722,2145.045444983045,2358.7536603738904,0.008100132
hiphop.00010.wav,hiphop,0.1254263492121036,2284.341189135125,2116.5943117834136,0.009084699
hiphop.00006.wav,hiphop,0.1281702405984145,2858.192614610909,2639.930294665964,0.026965983
hiphop.00008.wav,hiphop,0.1770497238737432,3070.837758466109,2349.664526925648,0.021208847
hiphop.00046.wav,hiphop,0.0914709765322892,2306.891059607127,2601.303368421397,0.040153172
hiphop.00090.wav,hiphop,0.1044393186871616,2272.5405031296214,2327.1482067943803,0.011502753
hiphop.00041.wav,hiphop,0.119366270123106,2702.65367279782,2666.6033742419754,0.050571557
hiphop.00033.wav,hiphop,0.1528155048076923,2987.6879685185945,2731.835588346538,0.0545822
hiphop.00048.wav,hiphop,0.0775105888679427,2345.299206046104,2682.1388436073366,0.029704824
hiphop.00034.wav,hiphop,0.1693078753591954,3191.9170162946484,2735.4354317870484,0.08512687
hiphop.00016.wav,hiphop,0.1103998997003093,2432.633895056764,2247.3131091664304,0.017127752
hiphop.00018.wav,hiphop,0.1457245746326372,2677.2014312905194,2337.294994786814,0.014568288
hiphop.00064.wav,hiphop,0.079791878141918,2429.7567970045075,2575.167652629,0.027113682
hiphop.00063.wav,hiphop,0.1221979529195669,2671.1443441180336,2494.6900227127685,0.052877706
hiphop.00056.wav,hiphop,0.0701455856051817,2355.838782301562,2497.058510395504,0.019679906
hiphop.00087.wav,hiphop,0.0877750688805104,2473.246187433862,2499.705492243057,0.015356082
hiphop.00051.wav,hiphop,0.0995032597399458,2500.467553526264,2578.186263714857,0.031987626
hiphop.00080.wav,hiphop,0.1549313007540603,3377.550728575826,2996.999028063944,0.07904629
hiphop.00023.wav,hiphop,0.1066571653857308,2240.289987222754,2193.980955944982,0.009587704
hiphop.00089.wav,hiphop,0.1175723094305877,2669.9475361239274,2396.5034787987697,0.016493322
hiphop.00098.wav,hiphop,0.1007060252320185,2538.6441653895045,2341.339361743685,0.009689216
hiphop.00035.wav,hiphop,0.103432186901341,2827.4503871683432,2834.132127972592,0.048022047
hiphop.00040.wav,hiphop,0.103500088778409,2457.2400884546137,2790.1561300248936,0.022756137
hiphop.00096.wav,hiphop,0.0831173264694508,1752.5186300565624,1811.8528990944296,0.0043621697
hiphop.00072.wav,hiphop,0.0515274555297757,1821.46331961173,2522.039525749464,0.013421315
hiphop.00009.wav,hiphop,0.0983091798385537,2200.1104645288874,2285.567161446916,0.015297555
hiphop.00075.wav,hiphop,0.1468144274458623,3140.9185615259057,2849.948107588064,0.07667593
hiphop.00007.wav,hiphop,0.0786366945813998,2047.1754195666024,2269.4488308988634,0.012202846
hiphop.00031.wav,hiphop,0.1364436193885448,3084.823804546642,2970.61795564429,0.066755846
hiphop.00095.wav,hiphop,0.1575562373114849,2735.685144773171,2295.5018679407126,0.018017553
hiphop.00044.wav,hiphop,0.1407455906723485,2507.355264123504,2322.719754863764,0.033588223
hiphop.00038.wav,hiphop,0.097384366122159,2208.65791984026,2215.035483517546,0.11177745
hiphop.00092.wav,hiphop,0.0725922787364655,2330.136830188641,2664.101041025171,0.0072812745
hiphop.00071.wav,hiphop,0.1075113743474478,3185.160631320678,3285.5638334884216,0.041478492
hiphop.00003.wav,hiphop,0.1035012748936581,2492.954722767297,2330.174362999248,0.017566564
hiphop.00078.wav,hiphop,0.0966524978248259,2328.52633694279,2627.5253121218893,0.04377559
hiphop.00060.wav,hiphop,0.0538729426479118,1717.3394378748264,2052.4764667682507,0.007842156
hiphop.00067.wav,hiphop,0.1268708007057231,3053.843913876604,3025.017584952465,0.072312064
hiphop.00052.wav,hiphop,0.0823303364269141,2595.994967867747,2881.828145629608,0.032332495
hiphop.00083.wav,hiphop,0.1108368226749806,2367.639173778173,2302.8831942477173,0.011665896
hiphop.00055.wav,hiphop,0.0724604843387471,1735.1780888053472,2055.9282768952958,0.0147908395
hiphop.00084.wav,hiphop,0.1051096197070765,2044.214177024692,1933.5991084288328,0.008696485
hiphop.00029.wav,hiphop,0.115332927178899,3127.2664007991543,2853.6647964825183,0.055138703
hiphop.00027.wav,hiphop,0.1025435766563944,2639.343177690068,2632.706008673249,0.04132101
hiphop.00020.wav,hiphop,0.1080872667730085,2678.1366851461185,2262.4928742758884,0.009436449
hiphop.00005.wav,hiphop,0.1245830916473317,2709.1715224983186,2510.848005701867,0.01846528
hiphop.00079.wav,hiphop,0.172292663621423,3212.057081839573,2833.5391106656207,0.084923856
hiphop.00002.wav,hiphop,0.058711571925754,1490.683575771141,1910.490628858794,0.0030678168
hiphop.00070.wav,hiphop,0.0692237800899071,2500.4618224971823,3049.2102835032524,0.02572104
hiphop.00077.wav,hiphop,0.1376235619682908,2987.5950110584854,2900.287043266731,0.06897781
hiphop.00093.wav,hiphop,0.1521315194798917,3185.5488967360475,2603.879338411677,0.02048161
hiphop.00042.wav,hiphop,0.1017104640151515,2896.950312515822,2759.680802283589,0.03700505
hiphop.00045.wav,hiphop,0.1115637576941287,2693.217660121341,2937.7648619296024,0.040493388
hiphop.00021.wav,hiphop,0.1197191608662026,2405.830496426096,2268.667178284248,0.012310385
hiphop.00026.wav,hiphop,0.1726850690462538,3460.24289862119,2917.5568063224846,0.071722224
hiphop.00053.wav,hiphop,0.1070770948134184,3079.233973760181,3220.911144968893,0.05181877
hiphop.00082.wav,hiphop,0.1133099502126836,2290.9396470333063,2181.566339299768,0.013079647
hiphop.00013.wav,hiphop,0.0966245528808971,1798.6768468891005,1688.0838761796335,0.0057964786
hiphop.00014.wav,hiphop,0.1338294693783836,2436.5700963303734,2117.3243435959766,0.0114098415
hiphop.00068.wav,hiphop,0.0956740471529389,2544.701169577136,2747.9991393027904,0.038865034
metal.00026.wav,metal,0.1981458907337587,2870.915156290069,2126.853907874827,0.013321759
metal.00021.wav,metal,0.1915459747196442,3046.6375964393765,2324.2741830513,0.022081181
metal.00082.wav,metal,0.1412658455384764,2378.4924001543222,2092.421779848281,0.012349209
metal.00053.wav,metal,0.1725668261794277,2906.6272868814203,2374.528030477664,0.02722853
metal.00028.wav,metal,0.1798887791231631,2789.433630096566,2247.730524145802,0.022911735
metal.00054.wav,metal,0.1957180793213457,3113.773135146241,2411.5633343766262,0.035179388
metal.00061.wav,metal,0.1665242985063805,2710.685063554155,2194.85859517659,0.021944042
metal.00066.wav,metal,0.1443216629205336,2390.3250702324603,2027.623777033118,0.011079227
metal.00068.wav,metal,0.1307011461958623,2302.533109168331,2069.612485337704,0.01157301
metal.00013.wav,metal,0.2035226489994199,3047.617764168932,2303.53262803851,0.028873788
metal.00039.wav,metal,0.0882346499178267,2098.946281494044,2062.906779455908,0.004716229
metal.00042.wav,metal,0.1518611332656612,2464.2908932653336,2037.687557797889,0.012728013
metal.00093.wav,metal,0.1416087375531709,2644.877602537062,2268.124641763541,0.014119417
metal.00030.wav,metal,0.051180787171307,1525.8197251479955,1868.5738336093295,0.0021989536
metal.00037.wav,metal,0.1236008646316705,2292.5497866867986,2149.4407493244744,0.010154412
metal.00012.wav,metal,0.1768272972254447,2803.074835916438,2183.1989681544537,0.018474296
metal.00067.wav,metal,0.1201160545968677,2254.6069861040164,2071.028439851438,0.0090726
metal.00084.wav,metal,0.1385170449052591,2522.124743872352,2275.6554221972538,0.025869908
metal.00055.wav,metal,0.1968404086910286,3108.521763898349,2361.478698580192,0.035109516
metal.00083.wav,metal,0.1228716526488785,2340.925502580738,2140.627460806763,0.01094233
metal.00027.wav,metal,0.1282435016676334,2398.182089992335,2218.778826799506,0.013673232
metal.00036.wav,metal,0.1604334336330239,2685.6780923526367,2317.579769931494,0.020451542
metal.00043.wav,metal,0.1772645978344934,2683.2329169635404,2126.6960341043696,0.018872641
metal.00092.wav,metal,0.0932858873501546,2090.193243882935,2065.324523631684,0.0063969754
metal.00044.wav,metal,0.1712058318832173,2760.046329477625,2242.641755824689,0.020054335
metal.00071.wav,metal,0.1537296681651198,2807.8057561673013,2407.489483530246,0.021105759
metal.00078.wav,metal,0.1317906213747099,2814.947126588473,2547.9267859040733,0.031798135
metal.00004.wav,metal,0.1923507135779195,3403.076270500999,2825.1012483991854,0.06982589
metal.00032.wav,metal,0.1481127344354215,2502.977404109766,2134.296301191332,0.012513626
metal.00049.wav,metal,0.1939877586040216,2980.0365062158285,2297.4097538606247,0.027529752
metal.00098.wav,metal,0.115697354746713,2241.1592830281,2115.9491769285764,0.011359085
metal.00047.wav,metal,0.1781082330336427,2908.3001309605806,2286.252591564421,0.026372835
metal.00096.wav,metal,0.1281732616734338,2493.507012959239,2286.357472386482,0.0142956
metal.00040.wav,metal,0.1665242985063805,2710.685063554155,2194.85859517659,0.021944042
metal.00091.wav,metal,0.1200435487964037,2323.601876230782,2263.873465274725,0.007013959
metal.00075.wav,metal,0.0888585019093194,2068.483409912678,2199.408796967297,0.011261222
metal.00009.wav,metal,0.0946472592807424,2250.828320968761,2390.045881974274,0.008612338
metal.00072.wav,metal,0.1167702140129543,2339.892746513448,2152.0353593549626,0.009822896
metal.00007.wav,metal,0.1683108867459396,2939.5934642441784,2522.764063583591,0.03174679
metal.00016.wav,metal,0.1795621253866976,2743.501897552695,2140.599534652953,0.025970247
metal.00011.wav,metal,0.1714403428315932,2699.8589074887423,2240.001110045003,0.018243335
metal.00063.wav,metal,0.1518611332656612,2464.2908932653336,2037.687557797889,0.012728013
metal.00064.wav,metal,0.1772645978344934,2683.2329169635404,2126.6960341043696,0.018872641
metal.00018.wav,metal,0.1802607489849187,2291.710323082219,1583.8051705155335,0.005404639
metal.00051.wav,metal,0.2283804318928847,3400.8644228665357,2458.5508972723046,0.04842894
metal.00087.wav,metal,0.1867394443638824,3338.530194211536,2697.1444825624217,0.04971534
metal.00056.wav,metal,0.1793064669131863,3010.922425177517,2386.811909566227,0.032204755
metal.00089.wav,metal,0.0465377725009667,1443.8328603987688,1727.215179654499,0.001295145
metal.00058.wav,metal,0.1428334058391338,2459.520891914009,2221.373053128054,0.014404597
metal.00001.wav,metal,0.1528407168406806,2922.918811417647,2620.94410751914,0.0291236
metal.00073.wav,metal,0.1212886093387471,2642.0924576803404,2461.348759167464,0.02129504
metal.00074.wav,metal,0.1349835200357695,2725.3111027767286,2400.101593175056,0.014929129
metal.00008.wav,metal,0.1405615574245939,2966.002257865542,2759.001396089093,0.04424393
metal.00041.wav,metal,0.1373478888727765,2269.1618713103626,1928.9447572525812,0.00982303
metal.00090.wav,metal,0.0846350390322892,2141.5802031244207,2217.634537092959,0.004817987
metal.00046.wav,metal,0.1636799563756767,2795.3269859130323,2321.7019474163794,0.021003947
metal.00097.wav,metal,0.0862260126643464,1983.7751575084244,2112.325696658404,0.007058919
metal.00034.wav,metal,0.1608273062886697,2707.0187382903923,2234.822828310655,0.017743597
metal.00099.wav,metal,0.1079656685034802,2375.3719707454475,2231.730875766868,0.012127872
metal.00033.wav,metal,0.0999983384087393,2030.4879168259456,1929.8624210255591,0.0076992796
metal.00022.wav,metal,0.1069520978344934,2218.825904089443,2226.274893920304,0.00622834
metal.00025.wav,metal,0.1260732369006187,2384.634958104601,2072.7598996233983,0.008829812
metal.00088.wav,metal,0.0923920267788089,1988.333598338055,1987.148634247517,0.005006493
metal.00059.wav,metal,0.1498219076276102,2442.504289617461,2102.881568574062,0.013149668
metal.00086.wav,metal,0.1590101296645398,2629.8501440745704,2248.6904965785,0.016810723
metal.00057.wav,metal,0.1437182031854215,2718.6937188160364,2271.302364275169,0.021016758
metal.00050.wav,metal,0.1774496386794277,2986.810443330355,2408.588920159847,0.033082224
metal.00065.wav,metal,0.1712058318832173,2760.046329477625,2242.641755824689,0.020054335
metal.00010.wav,metal,0.1964922297950502,3048.922050009819,2358.945156910617,0.025582572
metal.00017.wav,metal,0.1587151972157772,2656.9415562858653,2337.7049314689425,0.018575191
disco.00031.wav,disco,0.1737518428557617,3256.824592073175,2898.247907370289,0.089009024
disco.00036.wav,disco,0.1620300717807424,3347.891415972544,3013.0752700610165,0.08659029
disco.00038.wav,disco,0.1682021280452436,3353.4041591983114,2986.9225933221205,0.082339436
disco.00044.wav,disco,0.1095898739607501,2330.184617913994,2437.173040623048,0.03327143
disco.00043.wav,disco,0.1347388129592034,2875.4360880726217,2761.027657498992,0.04496572
disco.00092.wav,disco,0.1174699705143078,2457.2908366769266,2400.4584636650143,0.010790838
disco.00076.wav,disco,0.1218607254205336,2251.7610160342965,2164.953134253347,0.008034031
disco.00003.wav,disco,0.1495607339559387,3045.783197240785,2720.412267311668,0.057225678
disco.00078.wav,disco,0.0961245649651972,2218.89166415782,2307.129643752943,0.007876916
disco.00004.wav,disco,0.1690144195910672,3328.4809117165955,3111.6719473592766,0.06946798
disco.00069.wav,disco,0.0836037195475638,1931.0406859349848,2209.1348619329783,0.0061078942
disco.00067.wav,disco,0.1432352088167053,2541.894374434493,2289.5008819088134,0.016229142
disco.00083.wav,disco,0.0899853628915313,1959.0741388861084,2210.6474517094857,0.0071704825
disco.00052.wav,disco,0.1697749752271848,2590.895265318272,2163.0263132154587,0.012711701
disco.00029.wav,disco,0.1385359266241299,3075.024487857884,3031.615634682487,0.05861779
disco.00084.wav,disco,0.1514181681409512,2455.249157769272,2100.2474542715263,0.015977578
disco.00055.wav,disco,0.1103900812064965,2108.2221109107218,2072.441784892781,0.0064600823
disco.00027.wav,disco,0.101182977450696,2908.67464508436,2990.1379592166795,0.0450581
disco.00020.wav,disco,0.1032629876015081,2116.937132007475,2114.1336867953573,0.017671103
disco.00005.wav,disco,0.1446281579262452,2722.838205604773,2569.440633678847,0.04602312
disco.00002.wav,disco,0.153338438950116,3592.2181145867817,3398.4114032727275,0.06655735
disco.00070.wav,disco,0.134583605230085,2449.238635818037,2311.514117756808,0.014654931
disco.00077.wav,disco,0.1175809950212683,2309.274600517877,2278.1626470496617,0.009170122
disco.00042.wav,disco,0.121640942212877,2403.5943006159314,2394.759734193427,0.03793544
disco.00093.wav,disco,0.1370223680394431,2460.976249719336,2302.764572147056,0.012717718
disco.00039.wav,disco,0.1011584312161639,2328.0941748431023,2431.626228701913,0.021303048
disco.00030.wav,disco,0.1507754344305877,3167.957019535548,3047.751584861452,0.07531368
disco.00026.wav,disco,0.1315957620359628,3043.44261890053,2969.142812448396,0.07284689
disco.00054.wav,disco,0.114602970320959,2565.721387688884,2533.545587108637,0.012317253
disco.00082.wav,disco,0.1381975662219644,2577.207725556345,2387.48142237022,0.023891121
disco.00053.wav,disco,0.154212662533836,3078.4715203424157,2709.9647708913444,0.009862091
disco.00066.wav,disco,0.1385699137180974,2492.590012831298,2277.528939593561,0.0131608
disco.00061.wav,disco,0.1158336807569605,2549.269756774819,2485.5245481826305,0.009791452
disco.00013.wav,disco,0.1595289992991106,3391.3650850232443,3108.933195274144,0.08219103
disco.00088.wav,disco,0.1314061895784996,2238.534887235576,2023.290677402401,0.007169524
disco.00022.wav,disco,0.1728866824970997,3708.111084995513,3249.597011074792,0.09607142
disco.00086.wav,disco,0.0944656171452049,1867.9449473321624,1875.1005955510293,0.0043312004
disco.00057.wav,disco,0.0924305454853055,1937.5108828466307,2099.65132071786,0.0064162463
disco.00062.wav,disco,0.1276283352668213,2387.679352105525,2191.294481593388,0.008995612
disco.00065.wav,disco,0.0736186889742846,1887.0062144326305,2190.841931924479,0.005695656
disco.00019.wav,disco,0.1036553497196442,2117.6008935704253,2143.8668308789474,0.026012177
disco.00017.wav,disco,0.1207210248694895,2564.2888412274115,2669.9240408934897,0.042947207
disco.00001.wav,disco,0.1885523173483103,3292.704549878069,2768.0390848656034,0.08111114
disco.00006.wav,disco,0.1636452140129543,2848.395241985928,2490.639855143558,0.05156069
disco.00073.wav,disco,0.1763450581254833,2847.3774256059246,2460.224228637339,0.021343553
disco.00046.wav,disco,0.1141981462683681,2259.6134225197134,2273.017281182032,0.00859609
disco.00097.wav,disco,0.120450638655259,2825.987251028338,2680.412391387406,0.017016822
disco.00041.wav,disco,0.0538442424352281,1776.2078695953194,2452.39520455993,0.011969014
disco.00034.wav,disco,0.1808128504447022,3653.660039941644,3234.1174131634207,0.0883406
disco.00048.wav,disco,0.154337659512761,2617.495747563951,2156.578982396535,0.011352279
disco.00099.wav,disco,0.1125694091985692,2418.030526971729,2432.2940291263426,0.013120313
disco.00011.wav,disco,0.1309711547757154,3132.9752097469195,3008.015239675812,0.055708423
disco.00016.wav,disco,0.1142480842911877,2520.434661747475,2562.6587965455155,0.037271872
disco.00064.wav,disco,0.0648764531370843,2144.867078927163,2403.8472224133425,0.005141353
disco.00018.wav,disco,0.1435833877126836,3043.11239467636,3000.57859278733,0.058366496
disco.00087.wav,disco,0.1002388915071539,2139.9275394701563,2190.4788401887386,0.008280523
disco.00056.wav,disco,0.0769275213892111,1755.0626026809584,2043.0329118120303,0.0043434547
disco.00051.wav,disco,0.1576298760150812,2650.7330123265733,2308.757448778504,0.018404514
disco.00023.wav,disco,0.1509782240912606,3167.5553238891907,2934.880440699375,0.090941094
disco.00024.wav,disco,0.1202165053412606,2624.814629146055,2709.8971083894817,0.038255904
disco.00089.wav,disco,0.1118250918406805,2128.932662144525,2108.8986957351976,0.008842352
disco.00058.wav,disco,0.1109455813756767,2218.099825491157,2245.304793079398,0.008888919
disco.00098.wav,disco,0.1125694091985692,2418.030526971729,2432.2940291263426,0.013120313
disco.00032.wav,disco,0.1232511751981825,2446.973203805007,2449.1310646825214,0.030595267
disco.00040.wav,disco,0.1264267026778809,2606.2991274506444,2534.060693426273,0.040974792
disco.00047.wav,disco,0.087009226363109,1710.9750338855315,1620.237854066107,0.0021613655
disco.00096.wav,disco,0.1343604233130317,2481.739188207236,2178.6360814569034,0.008760366
disco.00072.wav,disco,0.1840673035092807,2902.9084645115768,2302.244809669843,0.019390726
disco.00009.wav,disco,0.1706677028953983,3016.9654959671584,2623.440908104261,0.077684484
disco.00007.wav,disco,0.1402915488447409,3099.082005849926,2728.23313756183,0.0640197
blues.00045.wav,blues,0.0480483100106341,1739.1187830723618,2290.362915529216,0.0016977652
blues.00094.wav,blues,0.0508790573037509,1239.633448009122,1660.2697042703269,0.0011167097
blues.00070.wav,blues,0.0983476985450502,2159.398277499849,2130.1820830909164,0.004829927
blues.00002.wav,blues,0.0762912074632637,1552.832481434823,1747.7540868495246,0.0026350163
blues.00079.wav,blues,0.1246824094885924,2442.941257538624,2358.665888301401,0.0107168155
blues.00005.wav,blues,0.0940415337393658,1832.0115969728529,1729.5808044661662,0.0030588878
blues.00068.wav,blues,0.1351073841115622,2513.3453575324424,2345.021076813045,0.009363328
blues.00013.wav,blues,0.0514017032820959,1324.527825294569,1827.85013169654,0.0011992464
blues.00061.wav,blues,0.1675337151972157,2503.937744869009,2180.439232462328,0.0051452057
blues.00066.wav,blues,0.1217916183294663,2340.7341614757443,2256.39176179421,0.0068754903
blues.00082.wav,blues,0.1051251027165506,2141.540773760361,2168.08535438474,0.006493244
blues.00028.wav,blues,0.0480199874323279,1115.5894796268244,1398.722658897419,0.0003728835
blues.00085.wav,blues,0.0593916914394818,1311.9502871452887,1673.959709412275,0.0008442144
blues.00026.wav,blues,0.0519726864607501,1198.8570176825062,1573.3099533109175,0.0004585821
blues.00021.wav,blues,0.0479074523878576,1046.775126610449,1481.055846648495,0.00039825228
blues.00078.wav,blues,0.1238195149361948,2333.552482082229,2227.36107411938,0.010025131
blues.00004.wav,blues,0.1014605387180974,1835.1285127725691,1748.4107584538056,0.0032402172
blues.00003.wav,blues,0.0333088626256767,1070.1534175250663,1596.4225644535766,0.00095489
blues.00071.wav,blues,0.1346413832898298,2429.004094087016,2286.767131983224,0.008378146
blues.00076.wav,blues,0.1364717771171693,2645.7246950388817,2426.1337925233142,0.009544032
blues.00092.wav,blues,0.0323115302349187,918.6809999781144,1437.0351043764244,0.0011287942
blues.00038.wav,blues,0.0443731722496133,1514.156958584589,2140.992473926623,0.0010864148
blues.00044.wav,blues,0.0925253317140371,2279.0311186490417,2375.232090578843,0.005401221
blues.00036.wav,blues,0.0369073406080819,1247.5800479447862,1907.82124564627,0.00045140483
blues.00031.wav,blues,0.0429472248404872,1330.6062681557464,1973.2623612410223,0.00058124
blues.00029.wav,blues,0.0528948696104021,1648.8848322083286,2190.0464211359326,0.0014892018
blues.00084.wav,blues,0.113367350638051,2060.8418796735323,2084.9166130938656,0.0072958083
blues.00055.wav,blues,0.1131192448520881,2031.99338492224,1976.354122455004,0.0047686542
blues.00052.wav,blues,0.0671879531612529,1443.7501126322204,1670.688954737605,0.0020156181
blues.00060.wav,blues,0.0974228719547563,1946.448570450021,1979.9041422588336,0.004142565
blues.00012.wav,blues,0.069095006767208,1360.6856016703396,1567.2994690310572,0.00077152794
blues.00069.wav,blues,0.1251287733226991,2371.3090530621967,2209.900826389145,0.004098029
blues.00015.wav,blues,0.063701254954563,1420.4385714343975,1731.1768529678968,0.0011078544
blues.00024.wav,blues,0.0472760477088167,1120.166568707164,1448.1227679043818,0.00032319294
blues.00089.wav,blues,0.0256481716453982,798.6570144423736,1284.9100008729758,0.00076620764
blues.00058.wav,blues,0.1043517075116009,2068.33217151328,2033.958819937804,0.0050450326
blues.00023.wav,blues,0.0524670098607888,1210.1413910383171,1497.6767028673223,0.00054947287
blues.00087.wav,blues,0.0508692388099381,1441.6808065190858,1870.0213726733796,0.0017875113
blues.00056.wav,blues,0.0755030845175947,1811.5485980815156,2052.0015654552453,0.003509706
blues.00064.wav,blues,0.1468329315303557,2553.3610730069104,2280.187545125477,0.010585765
blues.00018.wav,blues,0.0561417699874323,1537.4913865266897,2053.965411394372,0.0014810236
blues.00016.wav,blues,0.0613440611707269,1455.0726339659166,1826.0433384175,0.0013042896
blues.00011.wav,blues,0.0439305847592807,1352.7427097237671,1756.8820971332582,0.0032811265
blues.00007.wav,blues,0.0614422461088553,1451.8594137957512,1577.5671157628287,0.0014387744
blues.00075.wav,blues,0.1085094620069605,2224.0145847405406,2254.733554259282,0.008913392
blues.00009.wav,blues,0.0791748235692188,1817.2305900912736,1973.7920387617453,0.0027108472
blues.00072.wav,blues,0.1291906086861949,2594.754688044524,2518.9037646575443,0.007874566
blues.00047.wav,blues,0.0753237081883217,2013.0124617688696,2310.092635589126,0.0031986837
blues.00096.wav,blues,0.0482930170872003,1132.1718112407837,1582.7004629114113,0.0009257588
blues.00040.wav,blues,0.0976430327967904,2272.4696393575086,2356.7258986742127,0.005745666
blues.00032.wav,blues,0.0393883984677107,1309.7746510229802,1883.2581499407856,0.0012316748
blues.00035.wav,blues,0.0454199747438128,1507.1579850499309,2096.930874279644,0.0009773765
blues.00049.wav,blues,0.0399612698182521,1318.6118508553818,1904.751803584168,0.0010670214
blues.00098.wav,blues,0.1284323188563418,2310.352908011415,2206.409153660281,0.009163226
blues.00010.wav,blues,0.0629588257685614,1410.023423440255,1512.304654662314,0.0012459212
blues.00065.wav,blues,0.1462819629737045,2816.3627737389425,2372.057664509357,0.010035148
blues.00062.wav,blues,0.1171418062403325,2280.1541868844874,2119.7941498111463,0.003174063
blues.00057.wav,blues,0.0899396691318638,1886.9577813534856,1913.2410487331017,0.0040439414
blues.00081.wav,blues,0.127271093145785,2116.897366717261,1956.3558936997172,0.005480192
blues.00050.wav,blues,0.0857906002271848,1945.2525228542231,2081.7630299360785,0.0043340074
blues.00022.wav,blues,0.0585699590342227,1155.869256708865,1497.9367164622358,0.00042301448
blues.00025.wav,blues,0.0516973909996133,1109.3207630441668,1463.1107858840894,0.00039971436
blues.00034.wav,blues,0.0457024452581206,1537.0761619483735,2157.2970666777032,0.0008923552
blues.00048.wav,blues,0.0987668727039829,2148.129104035022,2204.0829869674467,0.0057280017
blues.00099.wav,blues,0.0747685856535189,1538.5123663814206,1703.4818100127725,0.0022788965
blues.00041.wav,blues,0.1022607459638437,2390.4218136181985,2463.3092401832296,0.007608824
blues.00097.wav,blues,0.04461485825116,1236.3105117712128,1601.978717689016,0.0018190463
blues.00008.wav,blues,0.0640248876160092,1719.4633657271252,2031.8293659117528,0.002596804
blues.00006.wav,blues,0.0730522374081593,1459.4696908114731,1389.068445556609,0.00097564387
blues.00001.wav,blues,0.0560398087055297,1530.2617669893775,2038.9876082704009,0.0022980978
country.00088.wav,country,0.0660505184164733,1622.809613480337,1963.3073228704848,0.0030743661
country.00059.wav,country,0.0525349840487239,1535.4059362560918,2011.7598763199044,0.0018663362
country.00022.wav,country,0.0680572674980665,1719.4714520311263,2142.376265771634,0.006851944
country.00081.wav,country,0.1010477843435808,2102.2901764479493,2152.6591561071887,0.009045537
country.00050.wav,country,0.0789452218677494,1780.206353615312,2036.2742186349492,0.005428595
country.00057.wav,country,0.0754453064578499,1741.888486282652,1985.7526618758295,0.003680471
country.00062.wav,country,0.1023355175705723,2166.605873872704,2277.4526930951047,0.008689081
country.00019.wav,country,0.0509447656854215,1138.970375102019,1462.5548366603607,0.0013786881
country.00017.wav,country,0.0638700575212683,1470.2190431491572,1960.209861429048,0.007320522
country.00006.wav,country,0.1283081334879495,2807.9125120088343,2778.308824727949,0.041096658
country.00008.wav,country,0.1045625873409791,2505.851670781852,2574.313231970527,0.020560091
country.00074.wav,country,0.0711281902552204,1534.0502232319084,1696.9819905278111,0.0022750145
country.00073.wav,country,0.0697362299400618,1548.9063873637622,1823.557931123347,0.0024586343
country.00046.wav,country,0.1158846613979118,2109.417730689385,1933.8314274427828,0.013799996
country.00097.wav,country,0.0671992821925754,1561.042527058038,1782.6517736699666,0.002543778
country.00048.wav,country,0.0639637108468677,1939.8088633748253,2482.5238380341198,0.011567761
country.00034.wav,country,0.1192822378915313,2614.344099768441,2655.928572465368,0.046257492
country.00011.wav,country,0.1101627453112915,2839.25842945996,2798.5048227301195,0.027922327
country.00016.wav,country,0.0601952973946249,1426.0207482117,1648.467920931343,0.0038808726
country.00018.wav,country,0.0955890794180201,2068.869796587892,2370.15807218592,0.015200381
country.00064.wav,country,0.0600752096626063,1511.6824075794034,1865.1117334500525,0.0010740075
country.00063.wav,country,0.0582580330384764,1614.587918187712,2016.5163398799496,0.0023786419
country.00087.wav,country,0.073959692817092,1591.3106552829151,1806.6986668611944,0.0027280971
country.00056.wav,country,0.0549250320233952,1468.4574659783875,1960.4811504411464,0.0014034214
country.00051.wav,country,0.0592791563950116,1553.0252624967882,1848.587709670697,0.0019558917
country.00023.wav,country,0.0354636443832173,1495.5580556268485,2331.9170617315413,0.00586232
country.00058.wav,country,0.0732871259909126,1796.7119762329237,2148.58289161296,0.0045076744
country.00024.wav,country,0.0824179476024748,1738.8802794251512,1907.2670832046572,0.006647538
country.00032.wav,country,0.0675863574294276,1823.2405420958116,2205.841484150421,0.00925459
country.00040.wav,country,0.1063055877803557,2449.7536777060777,2560.458963912477,0.033840198
country.00091.wav,country,0.0647382389549497,1563.3792654565448,1779.1317819389822,0.0029521834
country.00096.wav,country,0.0974130534609435,1754.3169300487627,1861.949728315116,0.0033342324
country.00072.wav,country,0.0822699149265274,1711.3330130756565,1873.543709535036,0.0033323185
country.00000.wav,country,0.1072048611111111,2798.0656266251635,2847.541181419246,0.029614514
country.00036.wav,country,0.0848665289056457,1827.8001725934416,2050.2592014517736,0.008394328
country.00095.wav,country,0.0673669518561485,1557.7510489456945,1762.1920755783929,0.0026420397
country.00043.wav,country,0.1342852740719257,2530.4998439482647,2491.290219955262,0.04564
country.00092.wav,country,0.1212093061194895,2335.089633019832,2212.517869932969,0.013552611
country.00076.wav,country,0.0664987704224671,1321.6158527095797,1409.9383463674685,0.0012220537
country.00071.wav,country,0.0605177971529389,1261.49873667509,1396.3977374184835,0.0010796199
country.00003.wav,country,0.1025643835864938,2174.160493504712,2281.058760714112,0.019756043
country.00004.wav,country,0.1241610028057275,2966.1571589936843,2848.123494713853,0.043553274
country.00078.wav,country,0.0498956973849574,1144.8885616291911,1443.9709863470932,0.0010809253
country.00069.wav,country,0.0610736749564965,1327.7101968688285,1632.7341671284426,0.00083330495
country.00060.wav,country,0.042916258821539,1373.6283725007322,1930.5879081818052,0.0017354579
country.00083.wav,country,0.0595446333623356,1436.1116636001782,1729.5519563242783,0.0024577477
country.00084.wav,country,0.0929928430732792,1964.956171002316,2036.4768026599288,0.006610118
country.00055.wav,country,0.0811154866347641,1881.2205095617792,2116.164563170347,0.005227595
country.00029.wav,country,0.0542105477813225,1214.2001323890852,1555.577737612877,0.0027510202
country.00005.wav,country,0.1363724937643898,2926.532916728232,2737.079970118491,0.047706723
country.00079.wav,country,0.0457606009522428,963.6542370411192,1235.645727152159,0.0004972731
country.00002.wav,country,0.0741623811400993,2308.811438098025,2618.613432216076,0.016193606
country.00070.wav,country,0.0947227861562258,1934.741048791073,1970.0805807414329,0.0042806272
country.00077.wav,country,0.0878218955433101,1513.070955011675,1558.0992064311197,0.0015377798
country.00042.wav,country,0.0870443463602088,2387.97203880899,2716.617762055452,0.026921012
country.00093.wav,country,0.0681278851266434,1537.7806406173002,1716.2300413475905,0.0020464961
country.00045.wav,country,0.1329707288041376,2777.4882405051285,2647.8062084161784,0.051913552
country.00039.wav,country,0.2123672237529002,3760.408113053086,3052.8443953202923,0.0934601
country.00037.wav,country,0.0849643362093967,2068.662126290897,2437.6024358625427,0.02052844
country.00030.wav,country,0.0428343121616396,1240.7101460307892,1997.011997084656,0.0023832624
country.00026.wav,country,0.0548041890226218,1270.301226914328,1702.208123239175,0.004053302
country.00085.wav,country,0.0692675856776875,1596.3192351340858,1853.317119600276,0.0020869544
country.00054.wav,country,0.0601847236320572,1654.4094237766938,2105.459358110047,0.002284964
country.00028.wav,country,0.0598153972109435,1474.2739870616333,1886.007128154208,0.004394066
country.00082.wav,country,0.1060631465100541,2253.4147941386177,2261.601238916663,0.010749615
country.00053.wav,country,0.1083081828837973,2271.8519286411943,2297.372036595188,0.009992325
country.00066.wav,country,0.0989043316173627,1701.962005788988,1709.544644905572,0.0024664884
country.00061.wav,country,0.0485830402890564,1397.8552412349427,1896.1999666670183,0.0021087527
country.00014.wav,country,0.1247839931361175,2952.9885811173413,3036.4590945849877,0.045379374
country.00068.wav,country,0.05023594595901,1131.0769030321617,1458.695646588427,0.001024949
rock.00019.wav,rock,0.128190632854795,2321.149759888515,2118.769457100269,0.011384381
rock.00062.wav,rock,0.1085215463070378,2946.6326071058666,3203.143085072344,0.031023417
rock.00010.wav,rock,0.0717082366589327,1857.9725986494293,2182.3502320354773,0.0044677155
rock.00017.wav,rock,0.1405475849526295,2312.0661578932613,2060.944513351681,0.010034924
rock.00022.wav,rock,0.1384430285672853,2342.4462721453447,2113.056605899798,0.012244641
rock.00059.wav,rock,0.0865368057569605,2424.519698838249,2927.3422261650103,0.021046732
rock.00088.wav,rock,0.1617226773975251,2590.781523555563,2078.721989569411,0.016116176
rock.00025.wav,rock,0.157828134063225,2510.07314252411,2115.277506076207,0.012439106
rock.00057.wav,rock,0.175070164467324,3488.5019910192823,3241.578307834808,0.08651198
rock.00081.wav,rock,0.1361319061774942,2553.6435090564128,2219.101793902684,0.013271392
rock.00041.wav,rock,0.1483555533401005,2806.872615958848,2688.101798907577,0.052714244
rock.00097.wav,rock,0.1218225843484145,2077.5658221710514,1927.228012636788,0.007555571
rock.00046.wav,rock,0.1181844547563805,2429.0679000761247,2502.1928426870404,0.03430095
rock.00099.wav,rock,0.0763048023008507,1609.7851807206855,1797.061552918547,0.0025913534
rock.00034.wav,rock,0.134925398987003,2788.3693356571966,2648.338646031013,0.043025866
rock.00033.wav,rock,0.0748739456448182,1674.134043731052,1948.294443985897,0.009556075
rock.00006.wav,rock,0.0873052917150038,1676.146047720769,1653.5278079437448,0.002184638
rock.00073.wav,rock,0.1100203771510054,2223.969176505625,2287.7718650943,0.009685901
rock.00051.wav,rock,0.1208581061484918,3031.127685864391,3055.50668319491,0.06330482
rock.00056.wav,rock,0.1775334735112142,3303.2031125307344,2913.5971014748784,0.11308724
rock.00089.wav,rock,0.0732565376063418,1609.7586945895998,1816.0413405600689,0.003174645
rock.00024.wav,rock,0.1434304457898298,2320.3950808692307,2044.918363965428,0.008180621
rock.00023.wav,rock,0.1155670708865042,2294.7279252035287,2206.9632010472374,0.007611247
rock.00016.wav,rock,0.1428334058391338,2459.520891914009,2221.373053128054,0.014404597
rock.00011.wav,rock,0.0543302578789636,1537.468449342188,2037.176945765839,0.0023533767
rock.00063.wav,rock,0.0558494809793116,1711.1692946901107,2309.187256287416,0.010116602
rock.00018.wav,rock,0.1157800566753673,2209.1820036909885,2142.8478460634065,0.01128361
rock.00064.wav,rock,0.1063697856245166,2181.338268438534,2181.05627133164,0.006937228
rock.00009.wav,rock,0.0425329599284609,1181.326607089661,1607.70136056013,0.0023444626
rock.00075.wav,rock,0.1115173198230858,2301.7700377608585,2355.0290595188444,0.009288015
rock.00072.wav,rock,0.081701575188515,1933.3373461978688,2211.284995009557,0.006065398
rock.00007.wav,rock,0.0471797509425754,1282.1973339054575,1729.36579259508,0.0019022685
rock.00049.wav,rock,0.0913335176189095,2078.0554239577727,2334.0444993022584,0.032424644
rock.00096.wav,rock,0.0976641803219257,2006.8272650214385,2068.839259471319,0.00647331
rock.00047.wav,rock,0.1562231879592034,2997.8538382881115,2691.25507193247,0.06238178
rock.00091.wav,rock,0.1501345888921113,2474.465349821513,2123.435980729778,0.014312438
rock.00040.wav,rock,0.1447517884764114,3010.0558252943074,2778.074620528377,0.06105552
rock.00076.wav,rock,0.0711806814336813,1659.5913676702992,1953.1940258764896,0.0031297007
rock.00004.wav,rock,0.0410794452097834,1345.841383418405,1841.8263952475788,0.0018667578
rock.00078.wav,rock,0.0717101248308198,1877.9683471767144,2204.247169705517,0.004372749
rock.00003.wav,rock,0.0430986562258314,1421.3550411262563,1902.3217903706209,0.0031620057
rock.00036.wav,rock,0.1470474886254789,2850.236430403512,2621.690044153678,0.056586955
rock.00031.wav,rock,0.1324454393851508,2639.1039096273103,2512.6868986501595,0.046959396
rock.00043.wav,rock,0.1439568681119489,2739.501165243808,2541.9440543276173,0.057565752
rock.00095.wav,rock,0.0892274506960556,2008.174520929767,2106.3140915695662,0.0065557337
rock.00044.wav,rock,0.068902035600348,1651.7562246177304,2103.973963881226,0.0073086275
rock.00038.wav,rock,0.1405501705205108,2794.9630916287133,2633.962322090636,0.048814513
rock.00084.wav,rock,0.1392005631283836,2581.5076039009978,2376.171880945244,0.014394429
rock.00052.wav,rock,0.0885665905355761,2186.669241082053,2448.838699727777,0.033347793
rock.00083.wav,rock,0.092788920509474,2116.1456021561394,2245.391435180932,0.0065315347
rock.00020.wav,rock,0.1175330354553364,2188.057530674936,2120.1965119192146,0.010469467
rock.00027.wav,rock,0.1334220957091718,2669.3593345236,2440.4637806887617,0.04023935
rock.00012.wav,rock,0.0682249371616396,1863.76447188574,2067.3721800251296,0.0056640413
rock.00069.wav,rock,0.137633758096481,2568.395445802274,2344.894327861815,0.009973304
rock.00067.wav,rock,0.1198856976266434,2414.161865027604,2339.259342442016,0.010057557
rock.00042.wav,rock,0.1376552832559938,2794.8199158537072,2732.106675435166,0.065944344
rock.00037.wav,rock,0.1462710115767594,2626.8195142103973,2442.645410854308,0.04881911
rock.00002.wav,rock,0.0768044125821732,1875.1802164622395,1983.7706907125023,0.007002604
rock.00079.wav,rock,0.1091057466889017,2148.4009185393684,2107.109041240905,0.008472478
rock.00077.wav,rock,0.1062376135924207,2187.936658427652,2350.7821994610763,0.00897273
rock.00070.wav,rock,0.1391189941028615,2511.714306230509,2245.075054231402,0.00672052
rock.00014.wav,rock,0.0835791733130317,1937.0023676443109,2008.2836647392955,0.0068734693
rock.00013.wav,rock,0.0461099127513534,1597.5180157344882,2238.099095052294,0.0027679682
rock.00026.wav,rock,0.1229060173772235,2263.203109326082,2150.226328920084,0.009452001
rock.00021.wav,rock,0.121568436412413,2158.1594853409792,2060.6512345091955,0.007656925
rock.00053.wav,rock,0.1875475819315545,3361.767974188077,2933.0521726160387,0.11746804
rock.00082.wav,rock,0.1837123271945089,2975.773811493968,2423.2053157610785,0.021068046
rock.00054.wav,rock,0.1324031443348801,2632.272033619275,2550.143997140187,0.039151322
rock.00085.wav,rock,0.1209770609773781,2255.867398236704,2058.003300913,0.0062038917
rock.00028.wav,rock,0.101971100396365,2046.8578301909,2070.164481073298,0.017826457
pop.00026.wav,pop,0.1034944774748646,2525.5919589591927,2848.409561296772,0.030346572
pop.00085.wav,pop,0.1220257516434648,2516.3904027255376,2465.915110640672,0.05367528
pop.00054.wav,pop,0.135989538017208,3497.720405933398,3294.82979917523,0.063536204
pop.00053.wav,pop,0.1069275515999613,2638.945071813565,2753.646332330367,0.02472082
pop.00061.wav,pop,0.1119383821539056,2949.680064786085,2908.8037325096284,0.045671757
pop.00068.wav,pop,0.1549981420388631,3262.9888381783744,2931.274188813361,0.072910875
pop.00014.wav,pop,0.0880261957414926,1997.9152625255451,2291.452673927379,0.021856433
pop.00079.wav,pop,0.0725258150860402,1995.1863128060936,2424.919018383104,0.01508145
pop.00005.wav,pop,0.1067315593580819,2290.14021271062,2436.188548647075,0.025019092
pop.00002.wav,pop,0.1188660848076179,3214.01967827975,3269.587993759097,0.06396954
pop.00070.wav,pop,0.1364041805636117,3142.6674697923404,3002.05900266733,0.07803584
pop.00045.wav,pop,0.1249614812935034,2843.3506413882114,3039.5268473844667,0.046260625
pop.00094.wav,pop,0.1285184194943928,2806.873512822643,2858.235591516448,0.046335153
pop.00037.wav,pop,0.1648056844547563,3237.8331637065016,2954.271045120286,0.090256006
pop.00030.wav,pop,0.1486791860015467,3070.672740776136,2975.765677265415,0.0750342
pop.00069.wav,pop,0.0954452007202242,2327.3042883656067,2516.6762247035786,0.040149216
pop.00015.wav,pop,0.1415838136842614,3207.617470903022,3125.923874181563,0.07255928
pop.00012.wav,pop,0.1258851749806651,2679.229420619229,2661.758074512505,0.04431869
pop.00060.wav,pop,0.135989538017208,3497.720405933398,3294.82979917523,0.063536204
pop.00067.wav,pop,0.1909561098221191,3889.142797983685,3271.061089274433,0.11156915
pop.00052.wav,pop,0.1560256851798143,3663.396966933648,3276.4364331961438,0.075299755
pop.00029.wav,pop,0.1115192079949729,2988.4872553900304,3142.962821876344,0.04873359
pop.00084.wav,pop,0.1358426382443928,3263.2580881824388,3047.529076576752,0.058182016
pop.00055.wav,pop,0.1674797134812451,3941.417696318185,3361.6411249924004,0.08935369
pop.00027.wav,pop,0.1018672509425754,2682.284140975676,2923.9677288760545,0.04730252
pop.00095.wav,pop,0.1064026398153518,3047.4927543771933,3306.7960074112634,0.037242774
pop.00043.wav,pop,0.1032505256670533,2702.9067305248905,2725.929593439329,0.037677154
pop.00071.wav,pop,0.1909561098221191,3889.142797983685,3271.061089274433,0.11156915
pop.00003.wav,pop,0.0853230888679427,1837.492825986148,2067.3993701581285,0.009738689
pop.00078.wav,pop,0.1426215529534029,3123.159015699048,2970.17709218884,0.07660114
pop.00004.wav,pop,0.1237088680636117,2753.2347231451085,2861.5569996470863,0.046667587
pop.00049.wav,pop,0.0661139609918793,1988.190131263531,2580.3989172204265,0.011481372
pop.00098.wav,pop,0.1830084167150038,3633.1617304451615,3133.8022963309218,0.099256
pop.00032.wav,pop,0.2286406219789249,4225.461048306688,3404.380733308111,0.1258691
pop.00091.wav,pop,0.1667410606390177,3694.917392515557,3245.8503220882585,0.098814316
pop.00047.wav,pop,0.1273545503431941,3151.342623244136,3220.369558523437,0.057108466
pop.00096.wav,pop,0.1053082553895978,3126.570348199454,3162.8049330192166,0.038031522
pop.00072.wav,pop,0.1315953844015854,2568.447243315681,2558.8094069334275,0.06431947
pop.00075.wav,pop,0.1591457004060325,3644.718270733436,3200.8017239876526,0.06934525
pop.00000.wav,pop,0.1267201245891338,3422.0718638777685,3409.782871188017,0.045823973
pop.00011.wav,pop,0.0870847532385924,2200.368892820264,2579.579748350041,0.011644172
pop.00016.wav,pop,0.1533135150812065,3488.897943286259,3205.348888911562,0.09175766
pop.00064.wav,pop,0.2058738006332173,3647.914740974154,2886.9189517341424,0.06888272
pop.00087.wav,pop,0.146459073496713,3588.1493148981717,3336.585477336325,0.06827112
pop.00056.wav,pop,0.1455535062596674,3682.7414342574334,3222.7138439826213,0.060747374
pop.00080.wav,pop,0.1275573400038669,3151.406047783485,3220.6233816096524,0.05699832
pop.00051.wav,pop,0.2300956472351121,4157.988001710874,3451.4209556625515,0.11403146
pop.00023.wav,pop,0.1775614184551431,3758.780588780962,3293.5288823010783,0.09765327
pop.00024.wav,pop,0.1444462822650812,3301.0929850079237,3175.464126744372,0.06820601
pop.00089.wav,pop,0.165640634063225,3400.226425763872,3070.5169963143985,0.08530017
pop.00058.wav,pop,0.1456660413041376,2939.0735059732497,2629.168577058898,0.06092383
pop.00001.wav,pop,0.1493944255123743,3702.062802894826,3431.8534035602524,0.05436196
pop.00074.wav,pop,0.130859375,3420.362078342947,3369.237131912718,0.0393054
pop.00073.wav,pop,0.1617966937354988,3669.810466570258,3295.063698977605,0.088762715
pop.00046.wav,pop,0.1221488604505027,2838.5120944344094,3045.8682152156275,0.04433625
pop.00041.wav,pop,0.0753308832414926,2053.421991383234,2559.2979840868443,0.009265834
pop.00033.wav,pop,0.1370099061049884,2835.1193752816057,2731.752386690104,0.06138166
pop.00034.wav,pop,0.130993435203983,3141.575395070785,3230.4645793986965,0.053766645
pop.00048.wav,pop,0.2106100909947796,4052.736284626131,3426.4159903430204,0.09751999
pop.00099.wav,pop,0.0959727559454756,2765.1075887449138,3222.4481088277003,0.030045671
pop.00088.wav,pop,0.1719573242942768,3510.545185903128,3148.4515676875453,0.094928406
pop.00059.wav,pop,0.1447344172950502,3728.3891590040334,3224.6342590024806,0.06670011
pop.00022.wav,pop,0.141530944871423,3206.647958001011,3126.207007255885,0.07266272
pop.00081.wav,pop,0.0859662002126836,2246.5077750266328,2684.3093231194107,0.026549626
pop.00050.wav,pop,0.1186259093435808,3046.523748324695,3095.301264191177,0.043152034
pop.00057.wav,pop,0.1540589653422273,3672.8534749746746,3279.628966712498,0.07526888
pop.00062.wav,pop,0.0981573708188321,2467.925157205688,2624.879762315866,0.016092591
pop.00065.wav,pop,0.1001263564626836,2519.3455234656853,2684.3184920573453,0.034208566
pop.00019.wav,pop,0.1559867888389404,3131.3254325021653,2944.9857252295656,0.07228257
pop.00017.wav,pop,0.1261634915168213,2789.387717206825,2795.7392914058632,0.05015651
classical.00005.wav,classical,0.0752100402407192,1431.080146867151,1558.0173769522353,0.0011695747
classical.00070.wav,classical,0.0708377894189868,1355.7633127675824,1615.6700685934472,0.0018142075
classical.00077.wav,classical,0.0483349345030935,812.1207958821843,1009.9219073591228,0.00028050484
classical.00042.wav,classical,0.0938649775420489,1326.2905913173308,1326.691500980662,0.0008983208
classical.00093.wav,classical,0.1082496495552977,1623.7580253062436,1551.132227424729,0.00079963857
classical.00045.wav,classical,0.062261493389423,1176.944993897445,1504.862179602883,0.000977528
classical.00094.wav,classical,0.0701187735643851,1423.5649269846951,1696.698162070151,0.0012349087
classical.00039.wav,classical,0.1089565811098221,1633.582298996637,1734.778669852656,0.0012273985
classical.00037.wav,classical,0.0939154038573085,1533.6492784629645,1464.3999469546395,0.00084552926
classical.00030.wav,classical,0.0637046536639597,1243.669162100947,1359.078170494102,0.0005800191
classical.00021.wav,classical,0.0795392407434261,1371.394885364054,1441.335577749759,0.001095695
classical.00026.wav,classical,0.0817321635730858,1278.518406235963,1311.7939716144729,0.000553037
classical.00054.wav,classical,0.1150749589754566,1702.24789858299,1602.739219435898,0.006341872
classical.00028.wav,classical,0.0810950943783836,1314.399292126819,1371.4197451106804,0.00056683144
classical.00082.wav,classical,0.0873781751498453,1415.4129895872998,1449.0029510876557,0.0012621956
classical.00053.wav,classical,0.087670171051375,1462.3835644748758,1556.0280335329028,0.0028083709
classical.00066.wav,classical,0.0450219481100154,795.5192461669669,1296.7071458507896,0.00024138406
classical.00061.wav,classical,0.0761046560808198,1322.7344268727695,1591.4631454881153,0.0032326956
classical.00013.wav,classical,0.0808760664394818,1388.1392656380106,1456.4228258887367,0.00063679315
classical.00068.wav,classical,0.0951725486997293,1559.9200748058706,1616.1762903547888,0.0022091737
classical.00031.wav,classical,0.0394431554524361,822.6139611536199,1136.385886870506,0.00027948138
classical.00044.wav,classical,0.0717101248308198,1181.884073002171,1412.491700634388,0.0006164
classical.00038.wav,classical,0.0758388014791183,1279.4808753417974,1339.1274687059474,0.0005716443
classical.00043.wav,classical,0.0510089635295823,1063.396723083687,1552.7595174328826,0.0012868053
classical.00092.wav,classical,0.130968133700696,1807.9280823768647,1439.0486310930316,0.00035661465
classical.00071.wav,classical,0.075862970079273,1397.3892884939066,1574.4155381124056,0.0016108075
classical.00003.wav,classical,0.1089463849816318,1526.628931824985,1499.4620500848152,0.0004542005
classical.00004.wav,classical,0.1128571665941608,1705.7912691531124,1646.3239737711508,0.0007401164
classical.00078.wav,classical,0.0412818572360788,715.8536806386742,1031.2457016633948,0.0004137982
classical.00015.wav,classical,0.0757187137470997,1371.4447396060193,1562.1162072434615,0.00057559396
classical.00069.wav,classical,0.0792533715197215,1349.5622465655813,1523.3561881481853,0.001001609
classical.00012.wav,classical,0.0659625296065351,1180.5324896152028,1332.2503128094197,0.00037823827
classical.00052.wav,classical,0.1269315998404872,2411.5244663469507,2435.894941720253,0.027107269
classical.00084.wav,classical,0.0579445965052204,1002.6849591662104,1152.7266763123716,0.0004745339
classical.00055.wav,classical,0.059338444992266,1079.7888693521588,1388.950832902849,0.00070247654
classical.00029.wav,classical,0.0921937687306651,1559.3040287466674,1579.0709121044329,0.0011400789
classical.00020.wav,classical,0.0697996725154679,1218.1514494719816,1353.457472932411,0.0005212407
classical.00011.wav,classical,0.0607572173482211,950.1801498030992,1112.6344317394862,0.00024182371
classical.00016.wav,classical,0.0476574584300077,1054.7328868522366,1455.7671648912924,0.0005285017
classical.00063.wav,classical,0.0360448236900618,690.5300405312647,1358.845322889806,0.00021729106
classical.00087.wav,classical,0.0510448387954369,877.3225402717013,1109.2624488876077,0.00035448573
classical.00080.wav,classical,0.03153360341744,973.535586661692,1617.496676620338,0.0013563343
classical.00051.wav,classical,0.0601050787296826,1527.645526264714,2079.667989385167,0.0082460465
classical.00089.wav,classical,0.1666526941947022,2423.3323353649416,1884.6631904527792,0.0015249508
classical.00058.wav,classical,0.0818439433488012,1137.8827996451196,1480.5104233029067,0.0005299962
classical.00024.wav,classical,0.0716289334396751,1253.0323992049648,1371.258169614429,0.0005660619
classical.00049.wav,classical,0.1094464281395123,2224.8938399288413,2274.325029414401,0.039003536
classical.00098.wav,classical,0.1234226212055297,1952.6079332127847,1865.9960468933257,0.002210991
classical.00035.wav,classical,0.0611235226943155,1016.2036312413032,1151.987370851215,0.0004903115
classical.00040.wav,classical,0.0726202236803944,1396.7128037657276,1525.5363770465235,0.00070404133
classical.00091.wav,classical,0.1524053044035189,2192.5069045226314,1911.8310735892935,0.0017699684
classical.00072.wav,classical,0.0637424171017014,1285.3702594238275,1660.3917435830515,0.0017418063
classical.00009.wav,classical,0.0562467523443542,1216.3713864035042,1582.8796260489837,0.0005432691
classical.00007.wav,classical,0.0731270090148878,1358.9954445281355,1516.3581505962543,0.0008043987
classical.00022.wav,classical,0.068440944025522,1211.4313268289068,1367.4757152666234,0.00067355746
classical.00086.wav,classical,0.0768346233323665,1356.2906973182814,1495.0511816850062,0.0038138637
classical.00062.wav,classical,0.0740291775425367,1474.7414794976396,1813.307011908205,0.010109031
classical.00010.wav,classical,0.0862173270736658,1497.503638046726,1570.6729374048484,0.0009961729
classical.00001.wav,classical,0.087765628021075,1361.0064862214672,1441.7399507883838,0.00032848414
classical.00006.wav,classical,0.0729011836571925,1372.6940993686428,1579.2369224538354,0.0006053637
classical.00008.wav,classical,0.0787779298385537,1516.848913603582,1629.4627805933983,0.0011036203
classical.00074.wav,classical,0.0721379845804331,1360.1636476762342,1572.5759014703503,0.0023209855
classical.00073.wav,classical,0.0709397507008894,1211.8707246042643,1338.32147854722,0.0010832131
classical.00046.wav,classical,0.1115758531515854,1878.4940039517187,1964.814672746932,0.010479722
classical.00097.wav,classical,0.0859099326904485,1494.465747036025,1671.1997576909127,0.0008583952
classical.00041.wav,classical,0.0788172038138051,1329.4563630678217,1415.5981775548396,0.0006203071
classical.00033.wav,classical,0.0543959662606341,1128.381138727403,1375.9677083090742,0.000610398
classical.00048.wav,classical,0.0872000235098379,1514.0972710756876,1640.578707716459,0.010487359
classical.00099.wav,classical,0.0806853610788863,1525.0760420116658,1868.967417911651,0.0013238207
classical.00034.wav,classical,0.0735405186581593,1369.5923998136095,1465.8273109928407,0.0004329
